buggy_B2,buggy_AG,buggy_MA,buggy_RA,ns,nd,nf,entropy,la,ld,lt,fix,ndev,age,nuc,exp,rexp,sexp,commit_date
buggy,clean,clean,clean,2,12,27,4.003252182269007,860,0,0.0,0,0,0.0,0,0,0.0,0,2014-07-27 11:36:49+01:00
buggy,buggy,buggy,buggy,1,3,5,1.5864714268811535,103,34,19.0,0,1,0.0,1,1,0.9998046741312364,1,2014-07-27 13:19:30+01:00
clean,clean,clean,clean,1,2,4,1.9056390622295665,2,6,44.25,1,1,0.0,2,2,1.999731758512591,2,2014-07-27 13:38:40+01:00
buggy,buggy,buggy,clean,2,6,10,2.6980809292353487,35,94,38.3,0,1,0.0,3,3,2.999479731919008,3,2014-07-27 14:22:50+01:00
clean,clean,clean,clean,0,0,0,0.0,0,0,0.0,0,0,0.0,0,4,3.99927672553504,0,2014-07-27 14:49:31+01:00
buggy,buggy,buggy,clean,1,7,9,2.581830348165372,51,11,33.666666666666664,0,1,0.0,4,4,4.999272287452293,4,2014-07-27 14:49:59+01:00
clean,clean,clean,clean,1,1,1,0.0,14,0,0.0,0,0,0.0,0,5,5.999122593866168,0,2014-07-27 15:03:06+01:00
clean,clean,clean,clean,0,0,0,0.0,0,0,1031.75,0,0,0.0,0,6,6.999054245358474,0,2014-07-27 15:08:14+01:00
buggy,buggy,buggy,clean,1,1,1,0.0,8,7,14.0,0,1,0.0,0,6,7.978325849942193,1,2014-07-28 13:53:57+01:00
clean,clean,clean,clean,0,0,0,0.0,0,0,634.0,0,0,0.0,0,7,8.978319601607117,0,2014-07-28 13:54:19+01:00
clean,clean,clean,clean,1,1,1,0.0,201,0,0.0,0,0,0.0,0,7,9.978319601607115,0,2014-07-28 13:54:19+01:00
clean,buggy,buggy,clean,1,1,1,0.0,17,0,15.0,0,1,0.0,0,8,10.978319601607115,2,2014-07-28 13:54:19+01:00
clean,clean,clean,clean,1,1,1,0.0,1,1,32.0,0,1,0.0,0,9,11.978319601607115,3,2014-07-28 13:54:19+01:00
clean,clean,clean,clean,1,1,1,0.0,4,4,139.0,1,1,0.0,1,10,12.978319601607115,5,2014-07-28 13:54:19+01:00
clean,clean,clean,clean,0,0,0,0.0,0,0,510.0,0,0,0.0,0,11,13.978319601607115,0,2014-07-28 13:54:19+01:00
clean,clean,clean,clean,0,0,0,0.0,0,0,0.0,0,0,0.0,0,11,14.978319127333348,0,2014-07-28 13:54:20+01:00
clean,clean,clean,clean,1,1,1,0.0,2,0,32.0,0,1,0.0,0,11,15.978319127333348,4,2014-07-28 13:54:20+01:00
clean,clean,clean,clean,1,1,1,0.0,1,1,11.0,0,1,0.0,1,12,16.978319127333346,6,2014-07-28 13:54:20+01:00
clean,clean,clean,clean,1,2,2,0.7642045065086203,7,2,89.0,0,1,0.0,1,13,17.978319127333346,7,2014-07-28 13:54:20+01:00
buggy,buggy,buggy,buggy,1,6,6,2.4064283109928244,38,12,62.16666666666666,0,1,0.3333333333333333,3,14,18.970239403146863,8,2014-07-28 17:38:27+01:00
buggy,buggy,buggy,buggy,1,5,7,1.968210976347444,175,25,43.69230769230769,0,1,1.25,4,15,19.910314177740894,9,2014-07-29 20:02:44+01:00
buggy,clean,clean,clean,3,12,21,3.0576474847584385,377,192,81.08823529411765,0,1,0.6666666666666666,5,16,20.87813522487664,15,2014-07-30 09:36:18+01:00
clean,clean,clean,clean,0,0,0,0.0,0,0,555.6666666666666,0,0,0.0,0,17,21.851000915875456,0,2014-07-30 20:32:37+01:00
clean,clean,clean,clean,0,0,0,0.0,0,0,19.2,0,0,0.0,0,17,22.85096492040726,0,2014-07-30 20:33:27+01:00
buggy,buggy,buggy,buggy,2,7,9,2.825397102054953,78,55,61.22222222222222,0,1,1.0,3,17,23.75200207584699,11,2014-08-01 09:17:02+01:00
clean,clean,clean,clean,2,2,2,1.0,4,4,33.0,0,1,0.0,0,18,24.751983425378107,12,2014-08-01 09:17:26+01:00
buggy,buggy,buggy,clean,2,3,4,1.7232314287976207,13,2,79.0,0,1,1.5,2,19,25.71783220152817,13,2014-08-01 21:02:06+01:00
clean,clean,clean,clean,1,1,1,0.0,1,1,40.0,0,1,0.0,0,20,26.70978535834134,14,2014-08-01 23:42:07+01:00
buggy,buggy,buggy,buggy,2,5,8,2.1020559637500265,50,34,138.77777777777777,0,1,0.2857142857142857,3,21,27.703518822398102,15,2014-08-02 01:42:15+01:00
clean,clean,clean,clean,2,2,2,1.0,4,4,33.0,0,1,0.0,0,22,28.70350981340686,16,2014-08-02 01:42:25+01:00
clean,clean,clean,clean,1,2,3,1.0529815751302694,7,8,101.0,1,1,0.0,2,23,29.70267888236061,17,2014-08-02 01:57:16+01:00
buggy,buggy,buggy,clean,4,8,10,2.7628219406771115,66,12,33.7,0,1,0.0,2,24,30.67151653125709,18,2014-08-02 10:56:26+01:00
clean,clean,clean,clean,1,1,1,0.0,0,4,44.0,0,1,0.0,1,25,31.67126703431093,19,2014-08-02 11:00:37+01:00
clean,clean,clean,clean,1,2,3,1.3516441151533924,9,9,76.0,0,1,0.0,3,26,32.67112343502426,20,2014-08-02 11:02:57+01:00
clean,clean,clean,clean,1,1,1,0.0,1,1,36.0,0,1,0.0,0,27,33.67076709011789,6,2014-08-02 11:08:34+01:00
buggy,buggy,buggy,buggy,3,9,14,3.1903616619651,211,5,40.57142857142857,0,1,0.7142857142857143,6,28,34.65914373658073,21,2014-08-02 14:06:30+01:00
clean,clean,clean,clean,2,2,2,1.0,4,4,33.0,0,1,0.0,0,29,35.658384337476974,22,2014-08-02 14:17:48+01:00
clean,clean,clean,clean,1,1,1,0.0,1,1,60.0,0,1,0.0,1,30,36.654320284885856,8,2014-08-02 15:16:37+01:00
clean,clean,clean,clean,1,2,3,0.946372935985442,14,0,52.66666666666666,0,1,9.5,2,31,36.8514031710908,9,2014-08-10 15:53:02+01:00
buggy,buggy,buggy,buggy,3,13,19,3.453827753785831,295,52,41.73684210526316,0,1,5.333333333333333,6,32,37.84425035464126,25,2014-08-10 17:35:23+01:00
clean,clean,clean,clean,0,0,0,0.0,0,0,0.0,0,0,0.0,0,33,38.8440039279241,0,2014-08-10 17:38:49+01:00
clean,clean,clean,clean,2,2,2,1.0,4,4,33.5,0,1,0.0,0,33,39.84377061909396,26,2014-08-10 17:41:59+01:00
buggy,buggy,buggy,buggy,3,9,10,2.932864259867228,47,17,76.1,0,1,13.0,6,34,39.47378100858794,27,2014-08-23 18:17:51+01:00
clean,clean,clean,clean,1,1,1,0.0,0,2,11.0,0,1,0.0,0,35,36.53569228880934,1,2014-10-04 13:16:05+01:00
clean,clean,clean,clean,2,2,2,0.8112781244591328,7,1,6.333333333333333,0,1,0.0,0,36,37.53567094771305,1,2014-10-04 13:16:26+01:00
buggy,buggy,buggy,buggy,1,6,14,2.919145662833736,593,34,41.21428571428572,0,1,18.5,3,37,38.453162778272045,26,2014-10-05 11:11:28+01:00
clean,clean,clean,clean,2,2,2,1.0,2,2,31.5,0,1,0.0,0,38,39.45266390499586,27,2014-10-05 11:19:12+01:00
buggy,clean,clean,clean,4,14,24,3.6012690700001846,356,240,47.2258064516129,0,1,28.916666666666668,9,39,40.428912634250615,30,2014-10-05 17:17:03+01:00
buggy,buggy,buggy,clean,1,1,1,0.0,1,1,506.3636363636364,0,1,0.0,0,40,40.96970492426183,7,2014-10-10 10:42:28+01:00
clean,clean,clean,clean,1,1,1,0.0,1,0,43.0,1,1,0.0,0,41,41.96892256828826,29,2014-10-10 10:53:52+01:00
clean,clean,clean,clean,1,1,1,0.0,3,0,39.0,1,1,0.0,0,42,42.968894356698726,30,2014-10-10 10:54:16+01:00
clean,clean,clean,clean,0,0,0,0.0,0,0,559.4,0,0,0.0,0,43,43.0410493325657,0,2014-10-19 13:01:41+01:00
clean,clean,clean,clean,3,3,3,1.584962500721156,9,9,31.33333333333333,0,1,0.0,0,43,43.19267158877564,33,2014-10-27 22:16:01+00:00
buggy,buggy,buggy,buggy,5,14,18,3.2459287104787853,308,36,83.15,0,1,36.44444444444444,7,44,42.2888773863567,35,2014-11-16 12:56:47+00:00
buggy,buggy,buggy,buggy,2,2,2,0.5032583347756457,8,1,71.0,0,1,0.0,2,45,43.28721974487345,33,2014-11-16 13:21:45+00:00
buggy,buggy,buggy,buggy,3,4,6,1.6869815551032992,228,147,147.0,0,1,5.833333333333333,5,46,43.59694264282879,36,2014-11-23 16:30:21+00:00
buggy,clean,clean,clean,5,12,23,3.8497464054892174,141,190,79.52173913043478,0,1,53.25,9,47,42.62704617649913,38,2014-12-14 17:18:04+00:00
clean,clean,clean,clean,0,0,24,0.0,316,284,0.0,0,0,0.0,0,48,43.62677931192332,0,2014-12-14 17:22:14+00:00
buggy,buggy,buggy,buggy,4,8,10,2.171754416876526,63,58,100.8181818181818,1,1,2.0,5,49,44.41934746122838,45,2014-12-16 22:02:23+00:00
clean,clean,clean,clean,0,0,0,0.0,0,0,3363.0,0,0,0.0,0,50,45.41896198892015,0,2014-12-16 22:08:07+00:00
buggy,buggy,buggy,buggy,2,4,5,1.6517420991136182,170,138,162.0,0,1,1.0,3,50,46.41623475377142,37,2014-12-16 22:47:34+00:00
buggy,buggy,buggy,buggy,2,3,4,1.889246428509158,8,7,208.5,0,1,0.5,4,51,47.41476921596735,38,2014-12-16 23:08:12+00:00
buggy,buggy,buggy,buggy,1,4,8,2.52758855247876,76,67,141.5,0,1,0.0,5,52,48.41285857787457,39,2014-12-16 23:34:24+00:00
clean,buggy,buggy,buggy,2,3,3,1.2183368243391808,20,7,210.3333333333333,1,1,0.0,3,53,49.31875188449752,42,2014-12-17 20:34:32+00:00
clean,clean,clean,clean,2,2,2,1.0,2,2,43.5,0,1,0.0,0,54,50.31857989962181,43,2014-12-17 20:36:47+00:00
clean,clean,clean,clean,0,0,8,0.0,76,67,0.0,0,0,0.0,0,55,51.31819473067965,0,2014-12-17 20:41:42+00:00
buggy,buggy,buggy,buggy,3,4,6,2.077659532161245,85,33,157.66666666666666,1,1,24.33333333333333,6,56,52.31439691688532,44,2014-12-17 21:29:02+00:00
buggy,buggy,buggy,buggy,3,8,16,3.138862551480936,137,59,92.6875,0,1,2.8,10,57,52.99053398243812,46,2014-12-20 15:36:47+00:00
buggy,buggy,buggy,buggy,3,7,12,2.5453739367531094,251,20,72.38461538461539,0,1,0.4285714285714285,5,58,53.98504961055168,46,2014-12-20 16:42:51+00:00
clean,clean,clean,clean,1,1,1,0.0,0,10,357.0,0,1,0.0,1,59,54.98449206241888,45,2014-12-20 16:49:25+00:00
clean,clean,clean,clean,1,1,1,0.0,1,4,347.0,0,1,0.0,1,60,55.96058411840059,46,2014-12-20 21:24:57+00:00
clean,clean,clean,clean,1,1,1,0.0,2,0,203.0,0,1,0.0,1,61,56.96056639150964,47,2014-12-20 21:25:09+00:00
clean,buggy,buggy,clean,2,4,10,2.58240183101914,73,39,136.8,0,1,11.1,9,62,57.88848944462801,50,2014-12-21 10:42:16+00:00
clean,clean,clean,clean,2,2,2,1.0,4,4,44.0,0,1,0.0,0,63,58.88781632034621,51,2014-12-21 10:49:34+00:00
buggy,buggy,buggy,buggy,1,2,3,1.580982641705794,22,11,182.66666666666663,0,1,0.0,3,64,59.88595926890778,50,2014-12-21 11:09:18+00:00
clean,clean,clean,clean,0,0,0,0.0,0,0,0.0,0,0,0.0,0,65,60.885332030145314,0,2014-12-21 11:15:50+00:00
clean,clean,clean,clean,1,1,1,0.0,1,1,141.0,1,1,3.0,1,65,61.85502687682722,15,2014-12-21 16:25:31+00:00
clean,clean,clean,clean,1,1,1,0.0,1,1,51.0,0,1,0.0,0,66,62.85155376651147,51,2014-12-21 17:00:21+00:00
clean,clean,clean,clean,1,1,1,0.0,2,1,141.0,1,1,0.0,1,67,63.851514818537446,16,2014-12-21 17:00:44+00:00
clean,clean,clean,clean,2,2,2,1.0,4,4,44.0,0,1,0.0,0,68,64.8512784808672,54,2014-12-21 17:03:01+00:00
clean,clean,clean,clean,1,1,1,0.0,1,1,354.0,0,1,1.0,1,69,65.70675036062417,53,2014-12-22 15:57:14+00:00
buggy,buggy,buggy,buggy,1,2,4,1.4911148500551858,23,21,228.25,0,1,1.75,4,70,66.44110977915884,54,2014-12-24 09:33:47+00:00
buggy,buggy,buggy,buggy,1,3,3,0.8929427417665807,16,5,59.66666666666666,0,1,0.0,1,71,67.38953308640507,55,2014-12-24 17:32:17+00:00
clean,clean,clean,clean,2,2,2,1.0,4,4,44.0,0,1,0.0,0,72,68.38951664541676,58,2014-12-24 17:32:26+00:00
buggy,buggy,buggy,buggy,1,1,1,0.0,15,1,74.0,0,1,2.0,1,73,69.05752394086258,57,2014-12-26 19:24:20+00:00
clean,clean,clean,clean,2,2,2,1.0,4,4,44.0,0,1,0.0,0,74,70.05749211579072,60,2014-12-26 19:24:37+00:00
buggy,buggy,buggy,buggy,2,4,6,2.410986180559216,61,20,62.5,0,1,8.5,2,75,70.60162887271943,59,2014-12-29 14:21:50+00:00
clean,clean,clean,buggy,1,1,1,0.0,2,7,88.0,0,1,2.0,1,76,71.60088947799274,60,2014-12-29 14:28:17+00:00
buggy,clean,clean,clean,4,14,26,3.502255989626356,253,203,65.8974358974359,0,1,21.9,14,77,72.55325036426191,65,2014-12-29 21:17:21+00:00
clean,clean,clean,clean,2,2,2,0.9852281360342516,3,11,11.4375,0,1,0.0,0,78,73.54943595394525,34,2014-12-29 21:49:36+00:00
clean,clean,clean,clean,0,0,44,0.0,246,204,0.0,0,0,0.0,0,79,74.54809605398613,0,2014-12-29 22:00:45+00:00
buggy,buggy,buggy,buggy,1,2,2,0.7642045065086203,8,1,153.0,0,1,0.0,1,80,75.54661902706549,62,2014-12-29 22:12:51+00:00
clean,clean,clean,clean,0,0,0,0.0,0,0,0.0,0,0,0.0,0,81,76.54656943970276,0,2014-12-29 22:13:15+00:00
clean,clean,clean,clean,2,2,2,1.0,4,4,44.0,0,1,0.0,0,81,77.54619602450144,66,2014-12-29 22:16:13+00:00
clean,clean,clean,clean,1,1,1,0.0,2,2,51.0,0,1,0.0,0,82,78.08078876030369,64,2015-01-01 11:20:53+00:00
buggy,buggy,buggy,buggy,3,6,8,2.0124180721428333,65,26,154.625,1,1,2.0,4,83,79.07065056390267,70,2015-01-01 12:40:01+00:00
clean,clean,clean,clean,2,2,2,1.0,4,4,44.0,0,1,0.0,0,84,80.07037106237324,69,2015-01-01 12:42:10+00:00
buggy,buggy,buggy,buggy,3,9,20,3.493183613466712,356,33,77.1,0,1,0.7142857142857143,7,85,81.02858867386126,72,2015-01-01 17:59:06+00:00
clean,buggy,buggy,buggy,3,7,15,3.018878043114061,240,28,57.73684210526316,0,1,0.0,4,86,81.87482862226159,73,2015-01-02 13:11:38+00:00
clean,clean,clean,clean,2,6,10,2.5580488446515903,139,49,33.0,0,1,0.0,2,87,82.8589782127026,72,2015-01-02 15:09:01+00:00
buggy,buggy,buggy,buggy,2,6,7,2.485269432811236,15,14,109.42857142857144,0,1,0.0,4,88,83.85627438110946,73,2015-01-02 15:28:46+00:00
clean,clean,clean,clean,1,1,1,0.0,2,0,74.0,0,1,0.0,0,89,84.84307188384113,71,2015-01-02 17:03:54+00:00
clean,clean,clean,clean,0,0,1,0.0,2,0,0.0,0,0,0.0,0,90,85.84305312925804,0,2015-01-02 17:04:02+00:00
clean,clean,clean,clean,1,1,1,0.0,1,1,61.0,0,1,0.0,0,91,86.68845315996025,72,2015-01-03 11:10:27+00:00
buggy,clean,buggy,buggy,2,3,3,1.2732696895151083,13,12,215.66666666666663,1,1,0.0,2,92,87.68598215060156,76,2015-01-03 11:27:37+00:00
buggy,buggy,buggy,clean,4,8,17,3.234039318701805,283,135,60.94736842105263,0,1,0.3333333333333333,4,93,88.66653621427486,79,2015-01-03 13:40:59+00:00
clean,clean,clean,clean,0,0,37,0.0,823,48,0.0,1,0,0.0,0,94,89.66617194338832,0,2015-01-03 13:43:27+00:00
clean,clean,clean,clean,1,1,1,0.0,1,1,193.0,0,1,0.0,1,95,90.66495288833752,22,2015-01-03 13:51:36+00:00
clean,clean,clean,clean,1,1,1,0.0,1,1,193.0,0,1,0.0,1,96,91.66368806619782,23,2015-01-03 13:59:57+00:00
clean,clean,clean,clean,1,2,2,0.1831220683013727,34,2,55.0,0,1,0.0,1,97,92.65758921763523,40,2015-01-03 14:39:43+00:00
clean,clean,clean,clean,2,2,2,1.0,4,4,44.0,0,1,0.0,0,98,93.6566369776802,79,2015-01-03 14:45:51+00:00
clean,clean,clean,clean,1,1,1,0.0,15,6,36.0,0,1,0.0,0,99,94.65382656311716,9,2015-01-03 15:03:44+00:00
clean,clean,clean,clean,0,0,0,0.0,0,0,792.0,0,0,0.0,0,100,95.65019504973634,0,2015-01-03 15:26:34+00:00
clean,buggy,buggy,buggy,3,7,8,2.276265331870425,83,16,147.375,0,1,0.6,5,100,96.45132609158762,84,2015-01-04 12:04:50+00:00
clean,clean,clean,clean,1,1,1,0.0,2,2,7.0,0,1,0.0,0,101,96.08476343571644,43,2015-01-10 10:34:02+00:00
buggy,buggy,buggy,buggy,3,3,3,1.2659540253240251,66,29,241.0,0,1,6.0,3,102,97.07993197639708,86,2015-01-10 11:04:20+00:00
buggy,buggy,buggy,buggy,2,8,18,2.262840660008239,943,62,74.94444444444444,1,1,3.333333333333333,5,103,98.02059772086932,83,2015-01-10 17:12:18+00:00
clean,clean,clean,clean,2,2,2,1.0,4,4,44.5,0,1,0.0,0,104,99.02055424034252,84,2015-01-10 17:12:34+00:00
buggy,buggy,buggy,buggy,0,0,41,0.0,1951,135,0.0,0,0,0.0,0,105,95.28404178991424,0,2015-01-31 16:03:08+00:00
clean,clean,clean,clean,1,1,1,0.0,15,1,24.0,0,1,0.0,0,106,96.28343903151848,80,2015-01-31 16:07:07+00:00
buggy,buggy,buggy,buggy,3,7,13,3.207875233505258,122,119,37.61538461538461,0,1,20.0,2,107,97.27731310947644,86,2015-01-31 16:47:06+00:00
buggy,buggy,buggy,buggy,1,2,5,1.6132288211773351,29,23,114.4,1,1,10.5,3,108,98.21294889810932,48,2015-01-31 23:42:21+00:00
buggy,buggy,buggy,buggy,3,6,8,2.0713337035762605,46,26,169.0,0,1,9.6,5,109,99.10291604015026,92,2015-02-01 11:24:53+00:00
clean,clean,clean,clean,1,1,1,0.0,1,1,92.0,0,1,0.0,0,110,100.10144342119798,83,2015-02-01 11:34:11+00:00
clean,clean,clean,clean,1,2,3,1.505240814944148,21,11,7.428571428571429,0,1,0.0,0,111,101.09552267260813,84,2015-02-01 12:11:08+00:00
clean,clean,clean,clean,1,1,1,0.0,0,2,413.0,0,1,0.0,1,112,102.09460664768616,50,2015-02-01 12:16:47+00:00
clean,clean,clean,clean,0,0,35,0.0,1171,165,0.0,0,0,0.0,0,113,103.0944754243294,0,2015-02-01 12:17:35+00:00
clean,clean,clean,clean,1,1,1,0.0,7,0,0.0,0,1,0.0,0,114,104.09442287935902,51,2015-02-01 12:17:54+00:00
clean,clean,clean,clean,1,3,4,1.4946803684089087,26,2,64.75,0,1,33.0,1,115,105.09163691050392,85,2015-02-01 12:34:30+00:00
buggy,clean,clean,clean,3,19,36,3.706122898971738,457,471,111.30555555555556,0,1,20.41176470588235,12,116,106.0911475318525,98,2015-02-01 12:37:23+00:00
clean,clean,clean,clean,1,1,1,0.0,1,1,24.0,0,1,0.0,0,117,107.09054397513717,87,2015-02-01 12:40:54+00:00
clean,clean,clean,clean,1,1,1,0.0,8,5,242.5652173913044,0,1,0.0,0,118,108.0784561602672,10,2015-02-01 13:50:34+00:00
clean,clean,clean,clean,0,0,0,0.0,0,0,5012.0,0,0,0.0,0,119,109.07311866064082,0,2015-02-01 14:21:00+00:00
clean,clean,clean,clean,2,2,2,1.0,4,4,44.5,0,1,0.0,0,119,110.07243319326908,96,2015-02-01 14:24:52+00:00
buggy,clean,clean,clean,4,18,29,4.37542889582336,96,108,47.42105263157895,0,1,126.71428571428572,7,120,88.22894278728955,110,2015-05-24 13:54:02+01:00
clean,clean,clean,clean,0,0,0,0.0,0,0,2977.0,0,0,0.0,0,121,89.22813850056495,0,2015-05-24 14:01:05+01:00
buggy,buggy,buggy,buggy,3,12,16,3.1349403159607423,129,48,482.7647058823529,0,1,83.14285714285714,7,121,90.21375292639084,102,2015-05-24 16:05:08+01:00
buggy,clean,clean,clean,3,16,41,4.599080941191019,1138,582,72.0,0,1,30.58823529411765,12,122,87.79768747789078,96,2015-06-14 14:22:35+01:00
buggy,clean,clean,clean,3,16,29,3.633659166916152,392,139,100.82758620689656,0,1,28.95652173913044,8,123,85.71062679403373,97,2015-07-04 15:16:01+01:00
buggy,buggy,buggy,buggy,3,12,20,2.868087561740474,211,160,127.95,1,1,46.4375,11,124,86.70082207143223,105,2015-07-04 16:49:19+01:00
buggy,clean,clean,clean,4,13,58,4.459626884239836,808,963,75.58620689655173,0,1,18.285714285714285,13,125,87.56874393211076,106,2015-07-05 13:25:51+01:00
clean,clean,clean,clean,3,8,17,3.351505670257796,135,87,34.53658536585366,0,1,0.0,4,126,88.56239417981537,103,2015-07-05 14:24:21+01:00
buggy,buggy,buggy,clean,3,6,12,3.073695778870833,153,59,67.41666666666667,0,1,0.0,2,127,89.54950437315127,101,2015-07-05 16:21:05+01:00
buggy,buggy,buggy,clean,2,3,3,1.2406705316766886,13,9,56.0,0,1,0.0,0,128,90.54834013780224,101,2015-07-05 16:31:27+01:00
clean,clean,clean,clean,1,1,1,0.0,1,1,437.0,0,1,0.0,1,129,91.5458961808559,59,2015-07-05 16:52:51+01:00
buggy,buggy,buggy,buggy,3,8,17,3.100381939082,155,129,97.82352941176472,0,1,12.2,8,130,90.30522909739312,111,2015-07-19 10:48:58+01:00
buggy,buggy,buggy,buggy,1,6,11,2.770093542640462,519,123,62.63636363636363,0,1,1.4,5,131,91.27557137602548,99,2015-07-19 15:13:16+01:00
buggy,buggy,buggy,buggy,2,4,6,1.6166370491798068,136,108,132.0,0,1,0.0,5,132,92.27107316491713,101,2015-07-19 15:52:42+01:00
clean,clean,clean,clean,1,1,1,0.0,5,5,128.0,0,0,0.0,0,133,93.27104610570468,101,2015-07-19 15:52:56+01:00
buggy,buggy,buggy,buggy,1,3,7,2.1598822882726947,150,80,97.85714285714286,0,1,2.0,6,134,94.2500896521595,102,2015-07-19 18:50:46+01:00
buggy,buggy,buggy,buggy,3,11,14,3.007057544992672,115,62,92.0,1,1,5.4,9,135,94.53984810393534,116,2015-07-23 22:30:01+01:00
clean,clean,clean,clean,1,2,3,0.3554894345548998,31,24,57.0,0,1,2.333333333333333,2,136,95.35406749267888,104,2015-07-25 00:24:27+01:00
buggy,clean,clean,clean,4,15,33,4.124814766648041,1242,540,88.21212121212122,0,1,29.40740740740741,19,137,96.23373827876334,118,2015-07-25 16:58:46+01:00
clean,clean,clean,clean,1,1,2,0.961236604722876,6,7,263.0,1,1,10.0,2,138,97.23190712958714,106,2015-07-25 17:13:41+01:00
buggy,buggy,buggy,buggy,3,9,19,3.127421788016972,583,213,116.6842105263158,0,1,0.75,10,139,98.21121628431165,120,2015-07-25 19:59:42+01:00
clean,clean,clean,buggy,1,2,2,0.9182958340544896,3,3,84.5,0,1,0.0,2,140,99.10782475127408,108,2015-07-26 09:37:53+01:00
clean,clean,clean,clean,1,4,5,2.292481250360578,5,7,109.4,0,1,1.0,4,141,100.10565938608072,109,2015-07-26 09:54:47+01:00
buggy,buggy,buggy,buggy,2,5,16,3.03970309984919,203,67,93.875,0,1,6.25,11,142,101.0985213930899,111,2015-07-26 10:49:41+01:00
buggy,buggy,buggy,buggy,2,7,18,3.4375394310415386,329,202,91.88888888888889,0,1,1.8571428571428568,10,143,102.0883697118466,112,2015-07-26 12:06:39+01:00
clean,clean,clean,clean,3,3,3,1.1775089669851988,41,19,42.0,1,1,0.0,0,144,103.0863005348514,121,2015-07-26 12:22:07+01:00
buggy,buggy,buggy,clean,1,2,3,1.4687533828107353,229,117,192.0,1,1,0.0,3,145,104.054176843678,113,2015-07-26 16:18:57+01:00
buggy,buggy,buggy,buggy,3,6,16,3.11836183208998,266,108,109.1875,0,1,4.2,12,146,105.04420246687204,127,2015-07-26 17:31:30+01:00
buggy,buggy,buggy,clean,1,1,1,0.0,32,0,0.0,0,0,0.0,0,147,106.04340573255554,0,2015-07-26 17:37:13+01:00
buggy,buggy,buggy,buggy,2,4,4,1.918295834054489,6,6,43.0,0,1,0.5,2,148,107.04307139014156,124,2015-07-26 17:39:35+01:00
buggy,buggy,clean,clean,1,1,1,0.0,3,2,32.0,0,1,0.0,0,149,108.037819577881,1,2015-07-26 18:16:16+01:00
clean,clean,clean,clean,3,3,3,1.5545851693377997,6,6,49.66666666666666,0,1,0.0,0,150,109.03674855267325,126,2015-07-26 18:23:39+01:00
clean,clean,clean,clean,1,1,1,0.0,0,1,81.0,0,1,2.0,1,151,109.81192987152026,117,2015-07-27 19:56:46+01:00
buggy,buggy,buggy,clean,4,13,17,3.591475661145693,86,42,60.88235294117647,1,1,8.333333333333334,3,152,110.79159728849012,134,2015-07-27 22:13:58+01:00
clean,clean,clean,clean,1,1,1,0.0,9,4,48.0,0,1,0.0,0,153,111.79087695585758,12,2015-07-27 22:18:46+01:00
clean,clean,clean,clean,2,4,9,1.8365858646944675,13,90,127.77777777777776,0,1,2.111111111111111,9,154,112.58836853900776,120,2015-07-28 20:33:52+01:00
clean,clean,clean,clean,1,1,1,0.0,34,0,340.0,0,1,2.0,1,155,113.58631445246168,120,2015-07-28 20:47:16+01:00
clean,clean,clean,clean,1,1,1,0.0,3,0,97.0,0,1,0.0,0,156,114.58484534359944,121,2015-07-28 20:56:44+01:00
clean,clean,clean,clean,1,1,1,0.0,1,0,2168.6666666666665,0,1,0.0,0,157,115.57825066581196,13,2015-07-28 21:38:43+01:00
buggy,buggy,buggy,buggy,2,5,10,2.7312172103795422,207,205,90.7,1,1,2.1666666666666665,5,158,116.34674145572303,123,2015-07-29 21:58:06+01:00
buggy,buggy,buggy,clean,2,2,2,1.0,4,4,76.5,0,1,0.0,0,159,117.34629556266027,132,2015-07-29 22:00:53+01:00
clean,clean,clean,clean,1,1,1,0.0,1,1,41.0,0,1,0.0,0,160,118.34584167600796,70,2015-07-29 22:03:41+01:00
buggy,buggy,buggy,clean,2,2,2,0.863120568566631,4,3,76.5,0,1,0.0,0,161,119.34487405900563,134,2015-07-29 22:09:35+01:00
clean,clean,clean,clean,1,1,1,0.0,1,1,101.0,0,1,0.0,0,162,120.34457266745208,125,2015-07-29 22:11:24+01:00
clean,clean,clean,clean,3,3,3,1.5,4,4,60.0,0,1,0.0,0,163,121.12369472051104,140,2015-07-30 20:10:14+01:00
buggy,buggy,buggy,buggy,4,10,13,3.0779351259615875,181,149,133.30769230769232,1,1,6.111111111111111,9,164,122.1012849540998,141,2015-07-30 22:22:49+01:00
clean,buggy,buggy,buggy,1,2,3,1.3235315761100483,4,15,111.66666666666669,0,1,0.3333333333333333,3,165,123.09793553883868,128,2015-07-30 22:42:25+01:00
clean,clean,clean,clean,2,2,2,1.0,4,4,78.0,0,1,0.0,0,166,124.097889462548,139,2015-07-30 22:42:41+01:00
buggy,buggy,buggy,buggy,3,8,11,2.656459574937453,313,209,144.72727272727272,0,1,1.875,6,167,124.7010582839481,141,2015-08-01 12:42:03+01:00
buggy,clean,clean,clean,2,10,22,3.885055651365601,283,174,99.4090909090909,0,1,7.5,15,168,125.671576262946,135,2015-08-01 15:30:10+01:00
clean,clean,clean,clean,2,2,2,1.0,6,8,79.5,0,1,0.0,0,169,126.67135177820924,142,2015-08-01 15:31:26+01:00
buggy,buggy,buggy,buggy,1,1,1,0.0,2,9,100.0,1,1,0.0,1,170,127.42429462146272,133,2015-08-02 14:33:31+01:00
buggy,buggy,buggy,buggy,1,2,2,0.2498822928331854,24,0,215.5,0,1,0.0,1,171,128.4205657289791,134,2015-08-02 14:54:12+01:00
clean,clean,clean,clean,2,2,2,1.0,4,4,78.5,0,1,0.0,0,172,129.4201376030477,145,2015-08-02 14:56:33+01:00
buggy,buggy,buggy,buggy,1,2,4,1.384381457724494,17,8,122.25,0,1,2.0,4,173,130.09047731569547,136,2015-08-03 20:52:13+01:00
clean,clean,clean,clean,1,2,2,0.9182958340544896,2,1,89.5,0,1,6.0,1,174,131.09039715169942,137,2015-08-03 20:52:39+01:00
clean,clean,clean,clean,2,2,2,1.0,4,4,78.5,0,1,0.0,0,175,132.08878674950125,148,2015-08-03 21:01:16+01:00
buggy,buggy,buggy,buggy,1,1,1,0.0,11,8,102.0,0,1,4.0,1,176,131.76378197567917,139,2015-08-08 19:14:51+01:00
clean,clean,clean,clean,2,5,5,2.015351069120512,39,5,106.0,0,1,9.0,5,177,132.76374463379645,144,2015-08-08 19:15:03+01:00
buggy,buggy,buggy,buggy,2,4,6,1.619864972933764,31,22,109.0,0,1,2.75,4,178,133.75979962465962,151,2015-08-08 19:35:58+01:00
clean,clean,clean,clean,2,3,3,1.521928094887362,3,2,209.0,1,1,7.0,1,179,134.58750289417804,152,2015-08-09 10:41:38+01:00
clean,clean,clean,clean,1,1,1,0.0,2,2,6.0,0,1,0.0,0,180,135.58668098667155,3,2015-08-09 10:45:55+01:00
clean,clean,clean,clean,1,3,3,0.5035926789788865,77,3,52.333333333333336,0,1,9.0,1,181,136.18895206995631,143,2015-08-10 21:04:43+01:00
clean,clean,clean,clean,1,3,4,1.5068837358274183,97,54,77.0,0,1,2.5,2,182,136.9170759877827,144,2015-08-11 20:25:35+01:00
clean,clean,clean,clean,1,1,1,0.0,13,7,77.0,0,1,0.0,1,183,137.91666203307136,145,2015-08-11 20:27:42+01:00
clean,clean,clean,clean,1,1,1,0.0,2,10,63.0,0,1,0.0,1,184,138.9164579799032,146,2015-08-11 20:28:44+01:00
clean,clean,clean,clean,1,1,2,0.9182958340544896,3,3,69.0,0,1,0.0,2,185,139.9161290151354,147,2015-08-11 20:30:23+01:00
clean,clean,clean,clean,1,1,1,0.0,0,1,471.0,0,1,2.0,1,186,140.91450206486965,81,2015-08-11 20:38:28+01:00
clean,clean,clean,clean,0,0,5,0.0,121,6,0.0,1,0,0.0,0,187,141.91326949760656,0,2015-08-11 20:44:32+01:00
clean,clean,clean,clean,2,2,2,0.6500224216483541,24,0,334.0,0,1,8.0,2,188,142.91190237064626,95,2015-08-11 20:51:12+01:00
clean,clean,clean,clean,2,2,2,1.0,4,4,78.5,0,1,0.0,0,189,143.9113125100316,160,2015-08-11 20:54:03+01:00
clean,clean,clean,clean,1,3,3,0.7111537191609086,82,4,97.33333333333331,1,1,71.0,2,190,129.29513328208222,149,2015-10-09 11:30:29+01:00
clean,clean,clean,clean,1,1,1,0.0,1,1,249.0,0,1,61.0,1,191,130.29510285978105,150,2015-10-09 11:30:40+01:00
clean,clean,clean,clean,2,2,2,1.0,4,4,78.5,0,1,0.0,0,192,131.07647870656328,163,2015-10-10 09:15:31+01:00
clean,clean,clean,clean,1,1,1,0.0,2,2,65.0,0,1,63.0,1,193,131.95937505088068,47,2015-10-10 20:48:27+01:00
clean,clean,clean,clean,2,4,5,1.7002321926566817,65,134,114.6,0,1,46.66666666666666,3,194,131.76295010020473,153,2015-10-15 18:42:58+01:00
clean,clean,clean,clean,2,5,5,1.5672404264752884,30,34,112.2,0,1,22.33333333333333,3,195,132.76075906889486,165,2015-10-15 18:55:54+01:00
clean,clean,clean,clean,1,1,1,0.0,1,1,33.0,0,1,0.0,0,196,133.75985970163433,3,2015-10-15 19:01:09+01:00
clean,clean,clean,clean,0,0,1,0.0,1,1,0.0,0,0,0.0,0,197,134.75983372022677,0,2015-10-15 19:01:18+01:00
buggy,buggy,buggy,buggy,1,1,1,0.0,1,6,110.0,0,1,104.0,1,198,127.09581573527198,154,2015-11-21 14:14:37+00:00
clean,clean,clean,clean,1,1,1,0.0,20,8,32.0,0,1,0.0,0,199,128.09297781409188,86,2015-11-21 14:33:01+00:00
clean,clean,clean,clean,1,1,1,0.0,1,1,71.0,0,1,109.0,1,200,129.0879869398385,155,2015-11-21 15:04:59+00:00
buggy,buggy,buggy,clean,2,2,2,1.0,4,4,81.0,0,1,0.0,0,201,130.08646203039223,169,2015-11-21 15:14:38+00:00
clean,clean,clean,clean,2,7,9,2.6263079412511443,163,135,113.22222222222224,1,1,62.0,5,202,131.02824838342588,170,2015-11-21 21:18:49+00:00
clean,clean,clean,clean,1,1,1,0.0,1,1,136.0,0,1,0.0,0,203,131.86642349560427,158,2015-11-22 14:01:03+00:00
clean,clean,clean,clean,1,1,1,0.0,22,52,261.0,0,1,150.0,1,204,124.54282895028568,159,2015-12-30 12:38:19+00:00
clean,clean,clean,clean,1,1,1,0.0,1,0,0.0,0,0,0.0,0,205,125.5203165957204,0,2015-12-30 15:14:29+00:00
clean,clean,clean,clean,1,2,2,0.8112781244591328,8,12,269.5,1,1,148.0,2,206,126.5198663344919,89,2015-12-30 15:17:34+00:00
clean,clean,clean,clean,3,3,3,1.584962500721156,5,7,69.33333333333333,0,1,0.0,0,207,127.51551727037788,175,2015-12-30 15:46:58+00:00
clean,clean,clean,clean,1,1,1,0.0,21,21,66.0,0,1,0.0,1,208,128.51313011250105,91,2015-12-30 16:02:54+00:00
clean,clean,clean,clean,1,1,1,0.0,1,0,0.0,0,0,0.0,0,209,129.51304160850165,0,2015-12-30 16:03:29+00:00
clean,clean,clean,clean,1,1,1,0.0,1,1,18.0,0,1,0.0,0,210,130.4734937589879,9,2015-12-30 20:21:00+00:00
clean,clean,clean,clean,5,13,17,3.40460644608454,182,119,94.17647058823528,0,1,227.0,6,0,0.0,188,2016-06-04 18:22:36+01:00
clean,clean,clean,clean,4,19,76,5.5010535109612055,1215,1025,96.34210526315788,0,2,265.4925373134328,46,1,0.9979414925155494,184,2016-06-05 12:26:47+01:00
clean,clean,clean,clean,1,1,1,0.0,2,2,57.0,0,1,0.0,1,211,103.96905813709392,163,2016-06-05 12:31:14+01:00
clean,clean,clean,clean,2,2,2,1.0,4,4,86.0,0,2,0.0,0,212,104.96861026071714,179,2016-06-05 12:35:52+01:00
clean,clean,clean,clean,4,9,16,3.701198686371826,102,42,38.91666666666666,0,2,5.0,1,0,0.0,185,2016-06-11 11:01:31+01:00
